drop table 'Customers';
drop table 'Orders';
drop table 'OrderItems';
drop table 'Products';
drop table 'Suppliers';
create table Customers (Id int, FirstName varchar(40) not null, LastName varchar(40) not null, City varchar(40) null, Country varchar(40) null,Phone varchar(20) null);
create table 'Orders' (Id int, OrderDate datetime not null, OrderNumber varchar(10) null, CustomerId int not null, TotalAmount decimal(12,2) null default 0);
create table OrderItems (Id int, OrderId int not null, ProductId int not null, UnitPrice decimal(12,2) not null default 0, Quantity int not null default 1);
create table Products (Id int, ProductName varchar(50) not null, SupplierId int not null, UnitPrice decimal(12,2) null default 0, Package varchar(30) null, IsDiscontinued bit not null default 0);
create table Suppliers (Id int , CompanyName varchar(40) not null, ContactName varchar(50) null, ContactTitle varchar(40) null, City varchar(40) null, Country varchar(40) null, Phone varchar(30) null, Fax varchar(30) null)
INSERT INTO Customers (Id,FirstName,LastName,City,Country,Phone)VALUES(1,'Maria','Anders','Berlin','Germany','030-0074321');
INSERT INTO Customers (Id,FirstName,LastName,City,Country,Phone)VALUES(2,'Ana','Trujillo','México D.F.','Mexico','(5) 555-4729');
INSERT INTO Customers (Id,FirstName,LastName,City,Country,Phone)VALUES(3,'Antonio','Moreno','México D.F.','Mexico','(5) 555-3932');
INSERT INTO Customers (Id,FirstName,LastName,City,Country,Phone)VALUES(4,'Thomas','Hardy','London','UK','(171) 555-7788');
INSERT INTO Customers (Id,FirstName,LastName,City,Country,Phone)VALUES(5,'Christina','Berglund','Luleå','Sweden','0921-12 34 65');
INSERT INTO Customers (Id,FirstName,LastName,City,Country,Phone)VALUES(6,'Hanna','Moos','Mannheim','Germany','0621-08460');
INSERT INTO Customers (Id,FirstName,LastName,City,Country,Phone)VALUES(7,'Frédérique','Citeaux','Strasbourg','France','88.60.15.31');
INSERT INTO Customers (Id,FirstName,LastName,City,Country,Phone)VALUES(8,'Martín','Sommer','Madrid','Spain','(91) 555 22 82');
INSERT INTO Customers (Id,FirstName,LastName,City,Country,Phone)VALUES(9,'Laurence','Lebihan','Marseille','France','91.24.45.40');
INSERT INTO Customers (Id,FirstName,LastName,City,Country,Phone)VALUES(10,'Elizabeth','Lincoln','Tsawassen','Canada','(604) 555-4729');
INSERT INTO Customers (Id,FirstName,LastName,City,Country,Phone)VALUES(11,'Victoria','Ashworth','London','UK','(171) 555-1212');
INSERT INTO Customers (Id,FirstName,LastName,City,Country,Phone)VALUES(12,'Patricio','Simpson','Buenos Aires','Argentina','(1) 135-5555');
INSERT INTO Customers (Id,FirstName,LastName,City,Country,Phone)VALUES(13,'Francisco','Chang','México D.F.','Mexico','(5) 555-3392');
INSERT INTO Customers (Id,FirstName,LastName,City,Country,Phone)VALUES(14,'Yang','Wang','Bern','Switzerland','0452-076545');
INSERT INTO Customers (Id,FirstName,LastName,City,Country,Phone)VALUES(15,'Pedro','Afonso','Sao Paulo','Brazil','(11) 555-7647');
INSERT INTO Customers (Id,FirstName,LastName,City,Country,Phone)VALUES(16,'Elizabeth','Brown','London','UK','(171) 555-2282');
INSERT INTO Customers (Id,FirstName,LastName,City,Country,Phone)VALUES(17,'Sven','Ottlieb','Aachen','Germany','0241-039123');
INSERT INTO Customers (Id,FirstName,LastName,City,Country,Phone)VALUES(18,'Janine','Labrune','Nantes','France','40.67.88.88');
INSERT INTO Customers (Id,FirstName,LastName,City,Country,Phone)VALUES(19,'Ann','Devon','London','UK','(171) 555-0297');
INSERT INTO Customers (Id,FirstName,LastName,City,Country,Phone)VALUES(20,'Roland','Mendel','Graz','Austria','7675-3425');
INSERT INTO Customers (Id,FirstName,LastName,City,Country,Phone)VALUES(21,'Aria','Cruz','Sao Paulo','Brazil','(11) 555-9857');
INSERT INTO Customers (Id,FirstName,LastName,City,Country,Phone)VALUES(22,'Diego','Roel','Madrid','Spain','(91) 555 94 44');
INSERT INTO Customers (Id,FirstName,LastName,City,Country,Phone)VALUES(23,'Martine','Rancé','Lille','France','20.16.10.16');
INSERT INTO Customers (Id,FirstName,LastName,City,Country,Phone)VALUES(24,'Maria','Larsson','Bräcke','Sweden','0695-34 67 21');
INSERT INTO Customers (Id,FirstName,LastName,City,Country,Phone)VALUES(25,'Peter','Franken','München','Germany','089-0877310');
INSERT INTO Customers (Id,FirstName,LastName,City,Country,Phone)VALUES(26,'Carine','Schmitt','Nantes','France','40.32.21.21');
INSERT INTO Customers (Id,FirstName,LastName,City,Country,Phone)VALUES(27,'Paolo','Accorti','Torino','Italy','011-4988260');
INSERT INTO Customers (Id,FirstName,LastName,City,Country,Phone)VALUES(28,'Lino','Rodriguez','Lisboa','Portugal','(1) 354-2534');
INSERT INTO Customers (Id,FirstName,LastName,City,Country,Phone)VALUES(29,'Eduardo','Saavedra','Barcelona','Spain','(93) 203 4560');
INSERT INTO Customers (Id,FirstName,LastName,City,Country,Phone)VALUES(30,'José','Pedro Freyre','Sevilla','Spain','(95) 555 82 82');
INSERT INTO Customers (Id,FirstName,LastName,City,Country,Phone)VALUES(31,'André','Fonseca','Campinas','Brazil','(11) 555-9482');
INSERT INTO Customers (Id,FirstName,LastName,City,Country,Phone)VALUES(32,'Howard','Snyder','Eugene','USA','(503) 555-7555');
INSERT INTO Customers (Id,FirstName,LastName,City,Country,Phone)VALUES(33,'Manuel','Pereira','Caracas','Venezuela','(2) 283-2951');
INSERT INTO Customers (Id,FirstName,LastName,City,Country,Phone)VALUES(34,'Mario','Pontes','Rio de Janeiro','Brazil','(21) 555-0091');
INSERT INTO Customers (Id,FirstName,LastName,City,Country,Phone)VALUES(35,'Carlos','Hernández','San Cristóbal','Venezuela','(5) 555-1340');
INSERT INTO Customers (Id,FirstName,LastName,City,Country,Phone)VALUES(36,'Yoshi','Latimer','Elgin','USA','(503) 555-6874');
INSERT INTO Customers (Id,FirstName,LastName,City,Country,Phone)VALUES(37,'Patricia','McKenna','Cork','Ireland','2967 542');
INSERT INTO Customers (Id,FirstName,LastName,City,Country,Phone)VALUES(38,'Helen','Bennett','Cowes','UK','(198) 555-8888');
INSERT INTO Customers (Id,FirstName,LastName,City,Country,Phone)VALUES(39,'Philip','Cramer','Brandenburg','Germany','0555-09876');
INSERT INTO Customers (Id,FirstName,LastName,City,Country,Phone)VALUES(40,'Daniel','Tonini','Versailles','France','30.59.84.10');
INSERT INTO Customers (Id,FirstName,LastName,City,Country,Phone)VALUES(41,'Annette','Roulet','Toulouse','France','61.77.61.10');
INSERT INTO Customers (Id,FirstName,LastName,City,Country,Phone)VALUES(42,'Yoshi','Tannamuri','Vancouver','Canada','(604) 555-3392');
INSERT INTO Customers (Id,FirstName,LastName,City,Country,Phone)VALUES(43,'John','Steel','Walla Walla','USA','(509) 555-7969');
INSERT INTO Customers (Id,FirstName,LastName,City,Country,Phone)VALUES(44,'Renate','Messner','Frankfurt a.M.','Germany','069-0245984');
INSERT INTO Customers (Id,FirstName,LastName,City,Country,Phone)VALUES(45,'Jaime','Yorres','San Francisco','USA','(415) 555-5938');
INSERT INTO Customers (Id,FirstName,LastName,City,Country,Phone)VALUES(46,'Carlos','González','Barquisimeto','Venezuela','(9) 331-6954');
INSERT INTO Customers (Id,FirstName,LastName,City,Country,Phone)VALUES(47,'Felipe','Izquierdo','I. de Margarita','Venezuela','(8) 34-56-12');
INSERT INTO Customers (Id,FirstName,LastName,City,Country,Phone)VALUES(48,'Fran','Wilson','Portland','USA','(503) 555-9573');
INSERT INTO Customers (Id,FirstName,LastName,City,Country,Phone)VALUES(49,'Giovanni','Rovelli','Bergamo','Italy','035-640230');
INSERT INTO Customers (Id,FirstName,LastName,City,Country,Phone)VALUES(50,'Catherine','Dewey','Bruxelles','Belgium','(02) 201 24 67');
INSERT INTO Customers (Id,FirstName,LastName,City,Country,Phone)VALUES(51,'Jean','Fresnière','Montréal','Canada','(514) 555-8054');
INSERT INTO Customers (Id,FirstName,LastName,City,Country,Phone)VALUES(52,'Alexander','Feuer','Leipzig','Germany','0342-023176');
INSERT INTO Customers (Id,FirstName,LastName,City,Country,Phone)VALUES(53,'Simon','Crowther','London','UK','(171) 555-7733');
INSERT INTO Customers (Id,FirstName,LastName,City,Country,Phone)VALUES(54,'Yvonne','Moncada','Buenos Aires','Argentina','(1) 135-5333');
INSERT INTO Customers (Id,FirstName,LastName,City,Country,Phone)VALUES(55,'Rene','Phillips','Anchorage','USA','(907) 555-7584');
INSERT INTO Customers (Id,FirstName,LastName,City,Country,Phone)VALUES(56,'Henriette','Pfalzheim','Köln','Germany','0221-0644327');
INSERT INTO Customers (Id,FirstName,LastName,City,Country,Phone)VALUES(57,'Marie','Bertrand','Paris','France','(1) 42.34.22.66');
INSERT INTO Customers (Id,FirstName,LastName,City,Country,Phone)VALUES(58,'Guillermo','Fernández','México D.F.','Mexico','(5) 552-3745');
INSERT INTO Customers (Id,FirstName,LastName,City,Country,Phone)VALUES(59,'Georg','Pipps','Salzburg','Austria','6562-9722');
INSERT INTO Customers (Id,FirstName,LastName,City,Country,Phone)VALUES(60,'Isabel','de Castro','Lisboa','Portugal','(1) 356-5634');
INSERT INTO Customers (Id,FirstName,LastName,City,Country,Phone)VALUES(61,'Bernardo','Batista','Rio de Janeiro','Brazil','(21) 555-4252');
INSERT INTO Customers (Id,FirstName,LastName,City,Country,Phone)VALUES(62,'Lúcia','Carvalho','Sao Paulo','Brazil','(11) 555-1189');
INSERT INTO Customers (Id,FirstName,LastName,City,Country,Phone)VALUES(63,'Horst','Kloss','Cunewalde','Germany','0372-035188');
INSERT INTO Customers (Id,FirstName,LastName,City,Country,Phone)VALUES(64,'Sergio','Gutiérrez','Buenos Aires','Argentina','(1) 123-5555');
INSERT INTO Customers (Id,FirstName,LastName,City,Country,Phone)VALUES(65,'Paula','Wilson','Albuquerque','USA','(505) 555-5939');
INSERT INTO Customers (Id,FirstName,LastName,City,Country,Phone)VALUES(66,'Maurizio','Moroni','Reggio Emilia','Italy','0522-556721');
INSERT INTO Customers (Id,FirstName,LastName,City,Country,Phone)VALUES(67,'Janete','Limeira','Rio de Janeiro','Brazil','(21) 555-3412');
INSERT INTO Customers (Id,FirstName,LastName,City,Country,Phone)VALUES(68,'Michael','Holz','Genève','Switzerland','0897-034214');
INSERT INTO Customers (Id,FirstName,LastName,City,Country,Phone)VALUES(69,'Alejandra','Camino','Madrid','Spain','(91) 745 6200');
INSERT INTO Customers (Id,FirstName,LastName,City,Country,Phone)VALUES(70,'Jonas','Bergulfsen','Stavern','Norway','07-98 92 35');
INSERT INTO Customers (Id,FirstName,LastName,City,Country,Phone)VALUES(71,'Jose','Pavarotti','Boise','USA','(208) 555-8097');
INSERT INTO Customers (Id,FirstName,LastName,City,Country,Phone)VALUES(72,'Hari','Kumar','London','UK','(171) 555-1717');
INSERT INTO Customers (Id,FirstName,LastName,City,Country,Phone)VALUES(73,'Jytte','Petersen','Kobenhavn','Denmark','31 12 34 56');
INSERT INTO Customers (Id,FirstName,LastName,City,Country,Phone)VALUES(74,'Dominique','Perrier','Paris','France','(1) 47.55.60.10');
INSERT INTO Customers (Id,FirstName,LastName,City,Country,Phone)VALUES(75,'Art','Braunschweiger','Lander','USA','(307) 555-4680');
INSERT INTO Customers (Id,FirstName,LastName,City,Country,Phone)VALUES(76,'Pascale','Cartrain','Charleroi','Belgium','(071) 23 67 22 20');
INSERT INTO Customers (Id,FirstName,LastName,City,Country,Phone)VALUES(77,'Liz','Nixon','Portland','USA','(503) 555-3612');
INSERT INTO Customers (Id,FirstName,LastName,City,Country,Phone)VALUES(78,'Liu','Wong','Butte','USA','(406) 555-5834');
INSERT INTO Customers (Id,FirstName,LastName,City,Country,Phone)VALUES(79,'Karin','Josephs','Münster','Germany','0251-031259');
INSERT INTO Customers (Id,FirstName,LastName,City,Country,Phone)VALUES(80,'Miguel','Angel Paolino','México D.F.','Mexico','(5) 555-2933');
INSERT INTO Customers (Id,FirstName,LastName,City,Country,Phone)VALUES(81,'Anabela','Domingues','Sao Paulo','Brazil','(11) 555-2167');
INSERT INTO Customers (Id,FirstName,LastName,City,Country,Phone)VALUES(82,'Helvetius','Nagy','Kirkland','USA','(206) 555-8257');
INSERT INTO Customers (Id,FirstName,LastName,City,Country,Phone)VALUES(83,'Palle','Ibsen','Århus','Denmark','86 21 32 43');
INSERT INTO Customers (Id,FirstName,LastName,City,Country,Phone)VALUES(84,'Mary','Saveley','Lyon','France','78.32.54.86');
INSERT INTO Customers (Id,FirstName,LastName,City,Country,Phone)VALUES(85,'Paul','Henriot','Reims','France','26.47.15.10');
INSERT INTO Customers (Id,FirstName,LastName,City,Country,Phone)VALUES(86,'Rita','Müller','Stuttgart','Germany','0711-020361');
INSERT INTO Customers (Id,FirstName,LastName,City,Country,Phone)VALUES(87,'Pirkko','Koskitalo','Oulu','Finland','981-443655');
INSERT INTO Customers (Id,FirstName,LastName,City,Country,Phone)VALUES(88,'Paula','Parente','Resende','Brazil','(14) 555-8122');
INSERT INTO Customers (Id,FirstName,LastName,City,Country,Phone)VALUES(89,'Karl','Jablonski','Seattle','USA','(206) 555-4112');
INSERT INTO Customers (Id,FirstName,LastName,City,Country,Phone)VALUES(90,'Matti','Karttunen','Helsinki','Finland','90-224 8858');
INSERT INTO Customers (Id,FirstName,LastName,City,Country,Phone)VALUES(91,'Zbyszek','Piestrzeniewicz','Warszawa','Poland','(26) 642-7012');
INSERT INTO Suppliers (Id,CompanyName,ContactName,City,Country,Phone,Fax)VALUES(1,'Exotic Liquids','Charlotte Cooper','London','UK','(171) 555-2222',NULL)
INSERT INTO Suppliers (Id,CompanyName,ContactName,City,Country,Phone,Fax)VALUES(2,'New Orleans Cajun Delights','Shelley Burke','New Orleans','USA','(100) 555-4822',NULL)
INSERT INTO Suppliers (Id,CompanyName,ContactName,City,Country,Phone,Fax)VALUES(3,'Grandma Kelly''s Homestead','Regina Murphy','Ann Arbor','USA','(313) 555-5735','(313) 555-3349');
INSERT INTO Suppliers (Id,CompanyName,ContactName,City,Country,Phone,Fax)VALUES(4,'Tokyo Traders','Yoshi Nagase','Tokyo','Japan','(03) 3555-5011',NULL)
INSERT INTO Suppliers (Id,CompanyName,ContactName,City,Country,Phone,Fax)VALUES(5,'Cooperativa de Quesos ''Las Cabras''','Antonio del Valle Saavedra','Oviedo','Spain','(98) 598 76 54',NULL)
INSERT INTO Suppliers (Id,CompanyName,ContactName,City,Country,Phone,Fax)VALUES(6,'Mayumi''s','Mayumi Ohno','Osaka','Japan','(06) 431-7877',NULL)
INSERT INTO Suppliers (Id,CompanyName,ContactName,City,Country,Phone,Fax)VALUES(7,'Pavlova, Ltd.','Ian Devling','Melbourne','Australia','(03) 444-2343','(03) 444-6588');
INSERT INTO Suppliers (Id,CompanyName,ContactName,City,Country,Phone,Fax)VALUES(8,'Specialty Biscuits, Ltd.','Peter Wilson','Manchester','UK','(161) 555-4448',NULL)
INSERT INTO Suppliers (Id,CompanyName,ContactName,City,Country,Phone,Fax)VALUES(9,'PB Knäckebröd AB','Lars Peterson','Göteborg','Sweden','031-987 65 43','031-987 65 91');
INSERT INTO Suppliers (Id,CompanyName,ContactName,City,Country,Phone,Fax)VALUES(10,'Refrescos Americanas LTDA','Carlos Diaz','Sao Paulo','Brazil','(11) 555 4640',NULL)
INSERT INTO Suppliers (Id,CompanyName,ContactName,City,Country,Phone,Fax)VALUES(11,'Heli Süßwaren GmbH & Co. KG','Petra Winkler','Berlin','Germany','(010) 9984510',NULL)
INSERT INTO Suppliers (Id,CompanyName,ContactName,City,Country,Phone,Fax)VALUES(12,'Plutzer Lebensmittelgroßmärkte AG','Martin Bein','Frankfurt','Germany','(069) 992755',NULL)
INSERT INTO Suppliers (Id,CompanyName,ContactName,City,Country,Phone,Fax)VALUES(13,'Nord-Ost-Fisch Handelsgesellschaft mbH','Sven Petersen','Cuxhaven','Germany','(04721) 8713','(04721) 8714');
INSERT INTO Suppliers (Id,CompanyName,ContactName,City,Country,Phone,Fax)VALUES(14,'Formaggi Fortini s.r.l.','Elio Rossi','Ravenna','Italy','(0544) 60323','(0544) 60603');
INSERT INTO Suppliers (Id,CompanyName,ContactName,City,Country,Phone,Fax)VALUES(15,'Norske Meierier','Beate Vileid','Sandvika','Norway','(0)2-953010',NULL)
INSERT INTO Suppliers (Id,CompanyName,ContactName,City,Country,Phone,Fax)VALUES(16,'Bigfoot Breweries','Cheryl Saylor','Bend','USA','(503) 555-9931',NULL)
INSERT INTO Suppliers (Id,CompanyName,ContactName,City,Country,Phone,Fax)VALUES(17,'Svensk Sjöföda AB','Michael Björn','Stockholm','Sweden','08-123 45 67',NULL)
INSERT INTO Suppliers (Id,CompanyName,ContactName,City,Country,Phone,Fax)VALUES(18,'Aux joyeux ecclésiastiques','Guylène Nodier','Paris','France','(1) 03.83.00.68','(1) 03.83.00.62');
INSERT INTO Suppliers (Id,CompanyName,ContactName,City,Country,Phone,Fax)VALUES(19,'New England Seafood Cannery','Robb Merchant','Boston','USA','(617) 555-3267','(617) 555-3389');
INSERT INTO Suppliers (Id,CompanyName,ContactName,City,Country,Phone,Fax)VALUES(20,'Leka Trading','Chandra Leka','Singapore','Singapore','555-8787',NULL)
INSERT INTO Suppliers (Id,CompanyName,ContactName,City,Country,Phone,Fax)VALUES(21,'Lyngbysild','Niels Petersen','Lyngby','Denmark','43844108','43844115');
INSERT INTO Suppliers (Id,CompanyName,ContactName,City,Country,Phone,Fax)VALUES(22,'Zaanse Snoepfabriek','Dirk Luchte','Zaandam','Netherlands','(12345) 1212','(12345) 1210');
INSERT INTO Suppliers (Id,CompanyName,ContactName,City,Country,Phone,Fax)VALUES(23,'Karkki Oy','Anne Heikkonen','Lappeenranta','Finland','(953) 10956',NULL)
INSERT INTO Suppliers (Id,CompanyName,ContactName,City,Country,Phone,Fax)VALUES(24,'G''day, Mate','Wendy Mackenzie','Sydney','Australia','(02) 555-5914','(02) 555-4873');
INSERT INTO Suppliers (Id,CompanyName,ContactName,City,Country,Phone,Fax)VALUES(25,'Ma Maison','Jean-Guy Lauzon','Montréal','Canada','(514) 555-9022',NULL)
INSERT INTO Suppliers (Id,CompanyName,ContactName,City,Country,Phone,Fax)VALUES(26,'Pasta Buttini s.r.l.','Giovanni Giudici','Salerno','Italy','(089) 6547665','(089) 6547667');
INSERT INTO Suppliers (Id,CompanyName,ContactName,City,Country,Phone,Fax)VALUES(27,'Escargots Nouveaux','Marie Delamare','Montceau','France','85.57.00.07',NULL)
INSERT INTO Suppliers (Id,CompanyName,ContactName,City,Country,Phone,Fax)VALUES(28,'Gai pâturage','Eliane Noz','Annecy','France','38.76.98.06','38.76.98.58');
INSERT INTO Suppliers (Id,CompanyName,ContactName,City,Country,Phone,Fax)VALUES(29,'Forêts d''érables','Chantal Goulet','Ste-Hyacinthe','Canada','(514) 555-2955','(514) 555-2921');
INSERT INTO Products (Id,ProductName,SupplierId,UnitPrice,Package,IsDiscontinued)VALUES(1,'Chai',1,18.00,'10 boxes x 20 bags',0);
INSERT INTO Products (Id,ProductName,SupplierId,UnitPrice,Package,IsDiscontinued)VALUES(2,'Chang',1,19.00,'24 - 12 oz bottles',0);
INSERT INTO Products (Id,ProductName,SupplierId,UnitPrice,Package,IsDiscontinued)VALUES(3,'Aniseed Syrup',1,10.00,'12 - 550 ml bottles',0);
INSERT INTO Products (Id,ProductName,SupplierId,UnitPrice,Package,IsDiscontinued)VALUES(4,'Chef Anton''s Cajun Seasoning',2,22.00,'48 - 6 oz jars',0);
INSERT INTO Products (Id,ProductName,SupplierId,UnitPrice,Package,IsDiscontinued)VALUES(5,'Chef Anton''s Gumbo Mix',2,21.35,'36 boxes',1);
INSERT INTO Products (Id,ProductName,SupplierId,UnitPrice,Package,IsDiscontinued)VALUES(6,'Grandma''s Boysenberry Spread',3,25.00,'12 - 8 oz jars',0);
INSERT INTO Products (Id,ProductName,SupplierId,UnitPrice,Package,IsDiscontinued)VALUES(7,'Uncle Bob''s Organic Dried Pears',3,30.00,'12 - 1 lb pkgs.',0);
INSERT INTO Products (Id,ProductName,SupplierId,UnitPrice,Package,IsDiscontinued)VALUES(8,'Northwoods Cranberry Sauce',3,40.00,'12 - 12 oz jars',0);
INSERT INTO Products (Id,ProductName,SupplierId,UnitPrice,Package,IsDiscontinued)VALUES(9,'Mishi Kobe Niku',4,97.00,'18 - 500 g pkgs.',1);
INSERT INTO Products (Id,ProductName,SupplierId,UnitPrice,Package,IsDiscontinued)VALUES(10,'Ikura',4,31.00,'12 - 200 ml jars',0);
INSERT INTO Products (Id,ProductName,SupplierId,UnitPrice,Package,IsDiscontinued)VALUES(11,'Queso Cabrales',5,21.00,'1 kg pkg.',0);
INSERT INTO Products (Id,ProductName,SupplierId,UnitPrice,Package,IsDiscontinued)VALUES(12,'Queso Manchego La Pastora',5,38.00,'10 - 500 g pkgs.',0);
INSERT INTO Products (Id,ProductName,SupplierId,UnitPrice,Package,IsDiscontinued)VALUES(13,'Konbu',6,6.00,'2 kg box',0);
INSERT INTO Products (Id,ProductName,SupplierId,UnitPrice,Package,IsDiscontinued)VALUES(14,'Tofu',6,23.25,'40 - 100 g pkgs.',0);
INSERT INTO Products (Id,ProductName,SupplierId,UnitPrice,Package,IsDiscontinued)VALUES(15,'Genen Shouyu',6,15.50,'24 - 250 ml bottles',0);
INSERT INTO Products (Id,ProductName,SupplierId,UnitPrice,Package,IsDiscontinued)VALUES(16,'Pavlova',7,17.45,'32 - 500 g boxes',0);
INSERT INTO Products (Id,ProductName,SupplierId,UnitPrice,Package,IsDiscontinued)VALUES(17,'Alice Mutton',7,39.00,'20 - 1 kg tins',1);
INSERT INTO Products (Id,ProductName,SupplierId,UnitPrice,Package,IsDiscontinued)VALUES(18,'Carnarvon Tigers',7,62.50,'16 kg pkg.',0);
INSERT INTO Products (Id,ProductName,SupplierId,UnitPrice,Package,IsDiscontinued)VALUES(19,'Teatime Chocolate Biscuits',8,9.20,'10 boxes x 12 pieces',0);
INSERT INTO Products (Id,ProductName,SupplierId,UnitPrice,Package,IsDiscontinued)VALUES(20,'Sir Rodney''s Marmalade',8,81.00,'30 gift boxes',0);
INSERT INTO Products (Id,ProductName,SupplierId,UnitPrice,Package,IsDiscontinued)VALUES(21,'Sir Rodney''s Scones',8,10.00,'24 pkgs. x 4 pieces',0);
INSERT INTO Products (Id,ProductName,SupplierId,UnitPrice,Package,IsDiscontinued)VALUES(22,'Gustaf''s Knäckebröd',9,21.00,'24 - 500 g pkgs.',0);
INSERT INTO Products (Id,ProductName,SupplierId,UnitPrice,Package,IsDiscontinued)VALUES(23,'Tunnbröd',9,9.00,'12 - 250 g pkgs.',0);
INSERT INTO Products (Id,ProductName,SupplierId,UnitPrice,Package,IsDiscontinued)VALUES(24,'Guaraná Fantástica',10,4.50,'12 - 355 ml cans',1);
INSERT INTO Products (Id,ProductName,SupplierId,UnitPrice,Package,IsDiscontinued)VALUES(25,'NuNuCa Nuß-Nougat-Creme',11,14.00,'20 - 450 g glasses',0);
INSERT INTO Products (Id,ProductName,SupplierId,UnitPrice,Package,IsDiscontinued)VALUES(26,'Gumbär Gummibärchen',11,31.23,'100 - 250 g bags',0);
INSERT INTO Products (Id,ProductName,SupplierId,UnitPrice,Package,IsDiscontinued)VALUES(27,'Schoggi Schokolade',11,43.90,'100 - 100 g pieces',0);
INSERT INTO Products (Id,ProductName,SupplierId,UnitPrice,Package,IsDiscontinued)VALUES(28,'Rössle Sauerkraut',12,45.60,'25 - 825 g cans',1);
INSERT INTO Products (Id,ProductName,SupplierId,UnitPrice,Package,IsDiscontinued)VALUES(29,'Thüringer Rostbratwurst',12,123.79,'50 bags x 30 sausgs.',1);
INSERT INTO Products (Id,ProductName,SupplierId,UnitPrice,Package,IsDiscontinued)VALUES(30,'Nord-Ost Matjeshering',13,25.89,'10 - 200 g glasses',0);
INSERT INTO Products (Id,ProductName,SupplierId,UnitPrice,Package,IsDiscontinued)VALUES(31,'Gorgonzola Telino',14,12.50,'12 - 100 g pkgs',0);
INSERT INTO Products (Id,ProductName,SupplierId,UnitPrice,Package,IsDiscontinued)VALUES(32,'Mascarpone Fabioli',14,32.00,'24 - 200 g pkgs.',0);
INSERT INTO Products (Id,ProductName,SupplierId,UnitPrice,Package,IsDiscontinued)VALUES(33,'Geitost',15,2.50,'500 g',0);
INSERT INTO Products (Id,ProductName,SupplierId,UnitPrice,Package,IsDiscontinued)VALUES(34,'Sasquatch Ale',16,14.00,'24 - 12 oz bottles',0);
INSERT INTO Products (Id,ProductName,SupplierId,UnitPrice,Package,IsDiscontinued)VALUES(35,'Steeleye Stout',16,18.00,'24 - 12 oz bottles',0);
INSERT INTO Products (Id,ProductName,SupplierId,UnitPrice,Package,IsDiscontinued)VALUES(36,'Inlagd Sill',17,19.00,'24 - 250 g  jars',0);
INSERT INTO Products (Id,ProductName,SupplierId,UnitPrice,Package,IsDiscontinued)VALUES(37,'Gravad lax',17,26.00,'12 - 500 g pkgs.',0);
INSERT INTO Products (Id,ProductName,SupplierId,UnitPrice,Package,IsDiscontinued)VALUES(38,'Côte de Blaye',18,263.50,'12 - 75 cl bottles',0);
INSERT INTO Products (Id,ProductName,SupplierId,UnitPrice,Package,IsDiscontinued)VALUES(39,'Chartreuse verte',18,18.00,'750 cc per bottle',0);
INSERT INTO Products (Id,ProductName,SupplierId,UnitPrice,Package,IsDiscontinued)VALUES(40,'Boston Crab Meat',19,18.40,'24 - 4 oz tins',0);
INSERT INTO Products (Id,ProductName,SupplierId,UnitPrice,Package,IsDiscontinued)VALUES(41,'Jack''s New England Clam Chowder',19,9.65,'12 - 12 oz cans',0);
INSERT INTO Products (Id,ProductName,SupplierId,UnitPrice,Package,IsDiscontinued)VALUES(42,'Singaporean Hokkien Fried Mee',20,14.00,'32 - 1 kg pkgs.',1);
INSERT INTO Products (Id,ProductName,SupplierId,UnitPrice,Package,IsDiscontinued)VALUES(43,'Ipoh Coffee',20,46.00,'16 - 500 g tins',0);
INSERT INTO Products (Id,ProductName,SupplierId,UnitPrice,Package,IsDiscontinued)VALUES(44,'Gula Malacca',20,19.45,'20 - 2 kg bags',0);
INSERT INTO Products (Id,ProductName,SupplierId,UnitPrice,Package,IsDiscontinued)VALUES(45,'Rogede sild',21,9.50,'1k pkg.',0);
INSERT INTO Products (Id,ProductName,SupplierId,UnitPrice,Package,IsDiscontinued)VALUES(46,'Spegesild',21,12.00,'4 - 450 g glasses',0);
INSERT INTO Products (Id,ProductName,SupplierId,UnitPrice,Package,IsDiscontinued)VALUES(47,'Zaanse koeken',22,9.50,'10 - 4 oz boxes',0);
INSERT INTO Products (Id,ProductName,SupplierId,UnitPrice,Package,IsDiscontinued)VALUES(48,'Chocolade',22,12.75,'10 pkgs.',0);
INSERT INTO Products (Id,ProductName,SupplierId,UnitPrice,Package,IsDiscontinued)VALUES(49,'Maxilaku',23,20.00,'24 - 50 g pkgs.',0);
INSERT INTO Products (Id,ProductName,SupplierId,UnitPrice,Package,IsDiscontinued)VALUES(50,'Valkoinen suklaa',23,16.25,'12 - 100 g bars',0);
INSERT INTO Products (Id,ProductName,SupplierId,UnitPrice,Package,IsDiscontinued)VALUES(51,'Manjimup Dried Apples',24,53.00,'50 - 300 g pkgs.',0);
INSERT INTO Products (Id,ProductName,SupplierId,UnitPrice,Package,IsDiscontinued)VALUES(52,'Filo Mix',24,7.00,'16 - 2 kg boxes',0);
INSERT INTO Products (Id,ProductName,SupplierId,UnitPrice,Package,IsDiscontinued)VALUES(53,'Perth Pasties',24,32.80,'48 pieces',1);
INSERT INTO Products (Id,ProductName,SupplierId,UnitPrice,Package,IsDiscontinued)VALUES(54,'Tourtière',25,7.45,'16 pies',0);
INSERT INTO Products (Id,ProductName,SupplierId,UnitPrice,Package,IsDiscontinued)VALUES(55,'Pâté chinois',25,24.00,'24 boxes x 2 pies',0);
INSERT INTO Products (Id,ProductName,SupplierId,UnitPrice,Package,IsDiscontinued)VALUES(56,'Gnocchi di nonna Alice',26,38.00,'24 - 250 g pkgs.',0);
INSERT INTO Products (Id,ProductName,SupplierId,UnitPrice,Package,IsDiscontinued)VALUES(57,'Ravioli Angelo',26,19.50,'24 - 250 g pkgs.',0);
INSERT INTO Products (Id,ProductName,SupplierId,UnitPrice,Package,IsDiscontinued)VALUES(58,'Escargots de Bourgogne',27,13.25,'24 pieces',0);
INSERT INTO Products (Id,ProductName,SupplierId,UnitPrice,Package,IsDiscontinued)VALUES(59,'Raclette Courdavault',28,55.00,'5 kg pkg.',0);
INSERT INTO Products (Id,ProductName,SupplierId,UnitPrice,Package,IsDiscontinued)VALUES(60,'Camembert Pierrot',28,34.00,'15 - 300 g rounds',0);
INSERT INTO Products (Id,ProductName,SupplierId,UnitPrice,Package,IsDiscontinued)VALUES(61,'Sirop d''érable',29,28.50,'24 - 500 ml bottles',0);
INSERT INTO Products (Id,ProductName,SupplierId,UnitPrice,Package,IsDiscontinued)VALUES(62,'Tarte au sucre',29,49.30,'48 pies',0);
INSERT INTO Products (Id,ProductName,SupplierId,UnitPrice,Package,IsDiscontinued)VALUES(63,'Vegie-spread',7,43.90,'15 - 625 g jars',0);
INSERT INTO Products (Id,ProductName,SupplierId,UnitPrice,Package,IsDiscontinued)VALUES(64,'Wimmers gute Semmelknödel',12,33.25,'20 bags x 4 pieces',0);
INSERT INTO Products (Id,ProductName,SupplierId,UnitPrice,Package,IsDiscontinued)VALUES(65,'Louisiana Fiery Hot Pepper Sauce',2,21.05,'32 - 8 oz bottles',0);
INSERT INTO Products (Id,ProductName,SupplierId,UnitPrice,Package,IsDiscontinued)VALUES(66,'Louisiana Hot Spiced Okra',2,17.00,'24 - 8 oz jars',0);
INSERT INTO Products (Id,ProductName,SupplierId,UnitPrice,Package,IsDiscontinued)VALUES(67,'Laughing Lumberjack Lager',16,14.00,'24 - 12 oz bottles',0);
INSERT INTO Products (Id,ProductName,SupplierId,UnitPrice,Package,IsDiscontinued)VALUES(68,'Scottish Longbreads',8,12.50,'10 boxes x 8 pieces',0);
INSERT INTO Products (Id,ProductName,SupplierId,UnitPrice,Package,IsDiscontinued)VALUES(69,'Gudbrandsdalsost',15,36.00,'10 kg pkg.',0);
INSERT INTO Products (Id,ProductName,SupplierId,UnitPrice,Package,IsDiscontinued)VALUES(70,'Outback Lager',7,15.00,'24 - 355 ml bottles',0);
INSERT INTO Products (Id,ProductName,SupplierId,UnitPrice,Package,IsDiscontinued)VALUES(71,'Flotemysost',15,21.50,'10 - 500 g pkgs.',0);
INSERT INTO Products (Id,ProductName,SupplierId,UnitPrice,Package,IsDiscontinued)VALUES(72,'Mozzarella di Giovanni',14,34.80,'24 - 200 g pkgs.',0);
INSERT INTO Products (Id,ProductName,SupplierId,UnitPrice,Package,IsDiscontinued)VALUES(73,'Röd Kaviar',17,15.00,'24 - 150 g jars',0);
INSERT INTO Products (Id,ProductName,SupplierId,UnitPrice,Package,IsDiscontinued)VALUES(74,'Longlife Tofu',4,10.00,'5 kg pkg.',0);
INSERT INTO Products (Id,ProductName,SupplierId,UnitPrice,Package,IsDiscontinued)VALUES(75,'Rhönbräu Klosterbier',12,7.75,'24 - 0.5 l bottles',0);
INSERT INTO Products (Id,ProductName,SupplierId,UnitPrice,Package,IsDiscontinued)VALUES(76,'Lakkalikööri',23,18.00,'500 ml',0);
INSERT INTO Products (Id,ProductName,SupplierId,UnitPrice,Package,IsDiscontinued)VALUES(77,'Original Frankfurter grüne Soße',12,13.00,'12 boxes',0);
INSERT INTO Products (Id,ProductName,SupplierId,UnitPrice,Package,IsDiscontinued)VALUES(78,'Stroopwafels',22,9.75,'24 pieces',0);
INSERT INTO 'Orders' (Id,OrderDate,CustomerId,TotalAmount,OrderNumber)VALUES(1,'2019/07/05',85,440.00,'542378');
INSERT INTO 'Orders' (Id,OrderDate,CustomerId,TotalAmount,OrderNumber)VALUES(2,'2019/03/02',79,1863.40,'542379');
INSERT INTO 'Orders' (Id,OrderDate,CustomerId,TotalAmount,OrderNumber)VALUES(3,'2019/05/29',34,1813.00,'542380');
INSERT INTO 'Orders' (Id,OrderDate,CustomerId,TotalAmount,OrderNumber)VALUES(4,'2019/04/17',84,670.80,'542381');
INSERT INTO 'Orders' (Id,OrderDate,CustomerId,TotalAmount,OrderNumber)VALUES(5,'2019/05/17',76,3730.00,'542382');
INSERT INTO 'Orders' (Id,OrderDate,CustomerId,TotalAmount,OrderNumber)VALUES(6,'2019/09/30',34,1444.80,'542383');
INSERT INTO 'Orders' (Id,OrderDate,CustomerId,TotalAmount,OrderNumber)VALUES(7,'2019/08/06',14,625.20,'542384');
INSERT INTO 'Orders' (Id,OrderDate,CustomerId,TotalAmount,OrderNumber)VALUES(8,'2019/03/04',68,2490.50,'542385');
INSERT INTO 'Orders' (Id,OrderDate,CustomerId,TotalAmount,OrderNumber)VALUES(9,'2019/05/30',88,517.80,'542386');
INSERT INTO 'Orders' (Id,OrderDate,CustomerId,TotalAmount,OrderNumber)VALUES(10,'2019/05/16',35,1119.90,'542387');
INSERT INTO 'Orders' (Id,OrderDate,CustomerId,TotalAmount,OrderNumber)VALUES(11,'2019/07/03',20,2018.60,'542388');
INSERT INTO 'Orders' (Id,OrderDate,CustomerId,TotalAmount,OrderNumber)VALUES(12,'2019/08/04',13,100.80,'542389');
INSERT INTO 'Orders' (Id,OrderDate,CustomerId,TotalAmount,OrderNumber)VALUES(13,'2019/03/07',56,1746.20,'542390');
INSERT INTO 'Orders' (Id,OrderDate,CustomerId,TotalAmount,OrderNumber)VALUES(14,'2019/07/06',61,448.00,'542391');
INSERT INTO 'Orders' (Id,OrderDate,CustomerId,TotalAmount,OrderNumber)VALUES(15,'2019/01/28',65,624.80,'542392');
INSERT INTO 'Orders' (Id,OrderDate,CustomerId,TotalAmount,OrderNumber)VALUES(16,'2019/07/20',20,2464.80,'542393');
INSERT INTO 'Orders' (Id,OrderDate,CustomerId,TotalAmount,OrderNumber)VALUES(17,'2019/01/10',24,724.50,'542394');
INSERT INTO 'Orders' (Id,OrderDate,CustomerId,TotalAmount,OrderNumber)VALUES(18,'2019/04/17',7,1176.00,'542395');
INSERT INTO 'Orders' (Id,OrderDate,CustomerId,TotalAmount,OrderNumber)VALUES(19,'2019/03/26',87,364.80,'542396');
INSERT INTO 'Orders' (Id,OrderDate,CustomerId,TotalAmount,OrderNumber)VALUES(20,'2019/09/08',25,4031.00,'542397');
INSERT INTO 'Orders' (Id,OrderDate,CustomerId,TotalAmount,OrderNumber)VALUES(21,'2019/08/28',33,1101.20,'542398');
INSERT INTO 'Orders' (Id,OrderDate,CustomerId,TotalAmount,OrderNumber)VALUES(22,'2019/04/26',89,676.00,'542399');
INSERT INTO 'Orders' (Id,OrderDate,CustomerId,TotalAmount,OrderNumber)VALUES(23,'2019/05/01',87,1376.00,'542400');
INSERT INTO 'Orders' (Id,OrderDate,CustomerId,TotalAmount,OrderNumber)VALUES(24,'2019/06/28',75,48.00,'542401');
INSERT INTO 'Orders' (Id,OrderDate,CustomerId,TotalAmount,OrderNumber)VALUES(25,'2019/02/16',65,1456.00,'542402');
INSERT INTO 'Orders' (Id,OrderDate,CustomerId,TotalAmount,OrderNumber)VALUES(26,'2019/01/18',63,2142.40,'542403');
INSERT INTO 'Orders' (Id,OrderDate,CustomerId,TotalAmount,OrderNumber)VALUES(27,'2019/01/06',85,538.60,'542404');
INSERT INTO 'Orders' (Id,OrderDate,CustomerId,TotalAmount,OrderNumber)VALUES(28,'2019/07/08',49,307.20,'542405');
INSERT INTO 'Orders' (Id,OrderDate,CustomerId,TotalAmount,OrderNumber)VALUES(29,'2019/02/15',80,420.00,'542406');
INSERT INTO 'Orders' (Id,OrderDate,CustomerId,TotalAmount,OrderNumber)VALUES(30,'2019/03/14',52,1200.80,'542407');
INSERT INTO 'Orders' (Id,OrderDate,CustomerId,TotalAmount,OrderNumber)VALUES(31,'2019/09/03',5,1488.80,'542408');
INSERT INTO 'Orders' (Id,OrderDate,CustomerId,TotalAmount,OrderNumber)VALUES(32,'2019/05/23',44,468.00,'542409');
INSERT INTO 'Orders' (Id,OrderDate,CustomerId,TotalAmount,OrderNumber)VALUES(33,'2019/05/21',5,613.20,'542410');
INSERT INTO 'Orders' (Id,OrderDate,CustomerId,TotalAmount,OrderNumber)VALUES(34,'2019/04/22',69,86.50,'542411');
INSERT INTO 'Orders' (Id,OrderDate,CustomerId,TotalAmount,OrderNumber)VALUES(35,'2019/02/13',69,155.40,'542412');
INSERT INTO 'Orders' (Id,OrderDate,CustomerId,TotalAmount,OrderNumber)VALUES(36,'2019/01/23',46,1414.80,'542413');
INSERT INTO 'Orders' (Id,OrderDate,CustomerId,TotalAmount,OrderNumber)VALUES(37,'2019/08/22',44,1452.00,'542414');
INSERT INTO 'Orders' (Id,OrderDate,CustomerId,TotalAmount,OrderNumber)VALUES(38,'2019/06/09',63,2179.20,'542415');
INSERT INTO 'Orders' (Id,OrderDate,CustomerId,TotalAmount,OrderNumber)VALUES(39,'2019/04/30',63,3016.00,'542416');
INSERT INTO 'Orders' (Id,OrderDate,CustomerId,TotalAmount,OrderNumber)VALUES(40,'2019/06/27',67,924.00,'542417');
INSERT INTO 'Orders' (Id,OrderDate,CustomerId,TotalAmount,OrderNumber)VALUES(41,'2019/06/02',66,89.00,'542418');
INSERT INTO 'Orders' (Id,OrderDate,CustomerId,TotalAmount,OrderNumber)VALUES(42,'2019/07/02',11,479.40,'542419');
INSERT INTO 'Orders' (Id,OrderDate,CustomerId,TotalAmount,OrderNumber)VALUES(43,'2019/09/11',15,2169.00,'542420');
INSERT INTO 'Orders' (Id,OrderDate,CustomerId,TotalAmount,OrderNumber)VALUES(44,'2019/02/26',61,552.80,'542421');
INSERT INTO 'Orders' (Id,OrderDate,CustomerId,TotalAmount,OrderNumber)VALUES(45,'2019/07/22',81,1296.00,'542422');
INSERT INTO 'Orders' (Id,OrderDate,CustomerId,TotalAmount,OrderNumber)VALUES(46,'2019/02/12',80,848.70,'542423');
INSERT INTO 'Orders' (Id,OrderDate,CustomerId,TotalAmount,OrderNumber)VALUES(47,'2019/07/31',65,1887.60,'542424');
INSERT INTO 'Orders' (Id,OrderDate,CustomerId,TotalAmount,OrderNumber)VALUES(48,'2019/05/09',85,121.60,'542425');
INSERT INTO 'Orders' (Id,OrderDate,CustomerId,TotalAmount,OrderNumber)VALUES(49,'2019/04/02',46,1050.60,'542426');
INSERT INTO 'Orders' (Id,OrderDate,CustomerId,TotalAmount,OrderNumber)VALUES(50,'2019/06/29',7,1420.00,'542427');
INSERT INTO 'Orders' (Id,OrderDate,CustomerId,TotalAmount,OrderNumber)VALUES(51,'2019/08/06',37,3127.00,'542428');
INSERT INTO 'Orders' (Id,OrderDate,CustomerId,TotalAmount,OrderNumber)VALUES(52,'2019/04/12',67,349.50,'542429');
INSERT INTO 'Orders' (Id,OrderDate,CustomerId,TotalAmount,OrderNumber)VALUES(53,'2019/02/10',49,608.00,'542430');
INSERT INTO 'Orders' (Id,OrderDate,CustomerId,TotalAmount,OrderNumber)VALUES(54,'2019/09/22',86,755.00,'542431');
INSERT INTO 'Orders' (Id,OrderDate,CustomerId,TotalAmount,OrderNumber)VALUES(55,'2019/07/08',76,2708.80,'542432');
INSERT INTO 'Orders' (Id,OrderDate,CustomerId,TotalAmount,OrderNumber)VALUES(56,'2019/05/11',30,1242.00,'542433');
INSERT INTO 'Orders' (Id,OrderDate,CustomerId,TotalAmount,OrderNumber)VALUES(57,'2019/09/26',80,954.40,'542434');
INSERT INTO 'Orders' (Id,OrderDate,CustomerId,TotalAmount,OrderNumber)VALUES(58,'2019/01/14',55,4157.00,'542435');
INSERT INTO 'Orders' (Id,OrderDate,CustomerId,TotalAmount,OrderNumber)VALUES(59,'2019/06/21',69,498.50,'542436');
INSERT INTO 'Orders' (Id,OrderDate,CustomerId,TotalAmount,OrderNumber)VALUES(60,'2019/05/07',48,424.00,'542437');
INSERT INTO 'Orders' (Id,OrderDate,CustomerId,TotalAmount,OrderNumber)VALUES(61,'2019/08/16',2,88.80,'542438');
INSERT INTO 'Orders' (Id,OrderDate,CustomerId,TotalAmount,OrderNumber)VALUES(62,'2019/04/13',37,1762.00,'542439');
INSERT INTO 'Orders' (Id,OrderDate,CustomerId,TotalAmount,OrderNumber)VALUES(63,'2019/08/26',77,336.00,'542440');
INSERT INTO 'Orders' (Id,OrderDate,CustomerId,TotalAmount,OrderNumber)VALUES(64,'2019/01/05',18,268.80,'542441');
INSERT INTO 'Orders' (Id,OrderDate,CustomerId,TotalAmount,OrderNumber)VALUES(65,'2019/07/24',86,1614.80,'542442');
INSERT INTO 'Orders' (Id,OrderDate,CustomerId,TotalAmount,OrderNumber)VALUES(66,'2019/07/20',63,182.40,'542443');
INSERT INTO 'Orders' (Id,OrderDate,CustomerId,TotalAmount,OrderNumber)VALUES(67,'2019/08/20',65,2327.00,'542444');
INSERT INTO 'Orders' (Id,OrderDate,CustomerId,TotalAmount,OrderNumber)VALUES(68,'2019/08/23',38,516.80,'542445');
INSERT INTO 'Orders' (Id,OrderDate,CustomerId,TotalAmount,OrderNumber)VALUES(69,'2019/02/25',65,2835.00,'542446');
INSERT INTO 'Orders' (Id,OrderDate,CustomerId,TotalAmount,OrderNumber)VALUES(70,'2019/04/22',48,288.00,'542447');
INSERT INTO 'Orders' (Id,OrderDate,CustomerId,TotalAmount,OrderNumber)VALUES(71,'2019/09/13',38,240.40,'542448');
INSERT INTO 'Orders' (Id,OrderDate,CustomerId,TotalAmount,OrderNumber)VALUES(72,'2019/02/20',80,1191.20,'542449');
INSERT INTO 'Orders' (Id,OrderDate,CustomerId,TotalAmount,OrderNumber)VALUES(73,'2019/05/28',87,516.00,'542450');
INSERT INTO 'Orders' (Id,OrderDate,CustomerId,TotalAmount,OrderNumber)VALUES(74,'2019/03/08',38,144.00,'542451');
INSERT INTO 'Orders' (Id,OrderDate,CustomerId,TotalAmount,OrderNumber)VALUES(75,'2019/02/18',58,112.00,'542452');
INSERT INTO 'Orders' (Id,OrderDate,CustomerId,TotalAmount,OrderNumber)VALUES(76,'2019/01/21',39,164.40,'542453');
INSERT INTO 'Orders' (Id,OrderDate,CustomerId,TotalAmount,OrderNumber)VALUES(77,'2019/05/23',71,6155.90,'542454');
INSERT INTO 'Orders' (Id,OrderDate,CustomerId,TotalAmount,OrderNumber)VALUES(78,'2019/04/14',39,1497.00,'542455');
INSERT INTO 'Orders' (Id,OrderDate,CustomerId,TotalAmount,OrderNumber)VALUES(79,'2019/04/29',8,982.00,'542456');
INSERT INTO 'Orders' (Id,OrderDate,CustomerId,TotalAmount,OrderNumber)VALUES(80,'2019/03/21',24,2262.50,'542457');
INSERT INTO 'Orders' (Id,OrderDate,CustomerId,TotalAmount,OrderNumber)VALUES(81,'2019/04/22',28,1168.00,'542458');
INSERT INTO 'Orders' (Id,OrderDate,CustomerId,TotalAmount,OrderNumber)VALUES(82,'2019/02/06',75,4819.40,'542459');
INSERT INTO 'Orders' (Id,OrderDate,CustomerId,TotalAmount,OrderNumber)VALUES(83,'2019/07/18',46,1940.00,'542460');
INSERT INTO 'Orders' (Id,OrderDate,CustomerId,TotalAmount,OrderNumber)VALUES(84,'2019/09/10',9,88.50,'542461');
INSERT INTO 'Orders' (Id,OrderDate,CustomerId,TotalAmount,OrderNumber)VALUES(85,'2019/07/30',51,2233.60,'542462');
INSERT INTO 'Orders' (Id,OrderDate,CustomerId,TotalAmount,OrderNumber)VALUES(86,'2019/04/03',87,954.00,'542463');
INSERT INTO 'Orders' (Id,OrderDate,CustomerId,TotalAmount,OrderNumber)VALUES(87,'2019/08/13',84,144.80,'542464');
INSERT INTO 'Orders' (Id,OrderDate,CustomerId,TotalAmount,OrderNumber)VALUES(88,'2019/07/13',37,2545.20,'542465');
INSERT INTO 'Orders' (Id,OrderDate,CustomerId,TotalAmount,OrderNumber)VALUES(89,'2019/07/10',60,316.80,'542466');
INSERT INTO 'Orders' (Id,OrderDate,CustomerId,TotalAmount,OrderNumber)VALUES(90,'2019/01/14',25,2467.00,'542467');
INSERT INTO 'Orders' (Id,OrderDate,CustomerId,TotalAmount,OrderNumber)VALUES(91,'2019/09/13',55,934.50,'542468');
INSERT INTO 'Orders' (Id,OrderDate,CustomerId,TotalAmount,OrderNumber)VALUES(92,'2019/01/25',51,3463.20,'542469');
INSERT INTO 'Orders' (Id,OrderDate,CustomerId,TotalAmount,OrderNumber)VALUES(93,'2019/01/03',9,2564.40,'542470');
INSERT INTO 'Orders' (Id,OrderDate,CustomerId,TotalAmount,OrderNumber)VALUES(94,'2019/08/17',73,412.00,'542471');
INSERT INTO 'Orders' (Id,OrderDate,CustomerId,TotalAmount,OrderNumber)VALUES(95,'2019/05/28',25,2300.80,'542472');
INSERT INTO 'Orders' (Id,OrderDate,CustomerId,TotalAmount,OrderNumber)VALUES(96,'2019/02/03',44,1586.00,'542473');
INSERT INTO 'Orders' (Id,OrderDate,CustomerId,TotalAmount,OrderNumber)VALUES(97,'2019/03/14',89,2856.00,'542474');
INSERT INTO 'Orders' (Id,OrderDate,CustomerId,TotalAmount,OrderNumber)VALUES(98,'2019/08/26',63,2924.80,'542475');
INSERT INTO 'Orders' (Id,OrderDate,CustomerId,TotalAmount,OrderNumber)VALUES(99,'2019/02/28',65,1731.20,'542476');
INSERT INTO 'Orders' (Id,OrderDate,CustomerId,TotalAmount,OrderNumber)VALUES(100,'2019/02/07',21,928.00,'542477');
INSERT INTO OrderItems (Id,OrderId,ProductId,UnitPrice,Quantity)VALUES(1,1,11,14.00,12);
INSERT INTO OrderItems (Id,OrderId,ProductId,UnitPrice,Quantity)VALUES(2,1,42,9.80,10);
INSERT INTO OrderItems (Id,OrderId,ProductId,UnitPrice,Quantity)VALUES(3,1,72,34.80,5);
INSERT INTO OrderItems (Id,OrderId,ProductId,UnitPrice,Quantity)VALUES(4,2,14,18.60,9);
INSERT INTO OrderItems (Id,OrderId,ProductId,UnitPrice,Quantity)VALUES(5,2,51,42.40,40);
INSERT INTO OrderItems (Id,OrderId,ProductId,UnitPrice,Quantity)VALUES(6,3,41,7.70,10);
INSERT INTO OrderItems (Id,OrderId,ProductId,UnitPrice,Quantity)VALUES(7,3,51,42.40,35);
INSERT INTO OrderItems (Id,OrderId,ProductId,UnitPrice,Quantity)VALUES(8,3,65,16.80,15);
INSERT INTO OrderItems (Id,OrderId,ProductId,UnitPrice,Quantity)VALUES(9,4,22,16.80,6);
INSERT INTO OrderItems (Id,OrderId,ProductId,UnitPrice,Quantity)VALUES(10,4,57,15.60,15);
INSERT INTO OrderItems (Id,OrderId,ProductId,UnitPrice,Quantity)VALUES(11,4,65,16.80,20);
INSERT INTO OrderItems (Id,OrderId,ProductId,UnitPrice,Quantity)VALUES(12,5,20,64.80,40);
INSERT INTO OrderItems (Id,OrderId,ProductId,UnitPrice,Quantity)VALUES(13,5,33,2.00,25);
INSERT INTO OrderItems (Id,OrderId,ProductId,UnitPrice,Quantity)VALUES(14,5,60,27.20,40);
INSERT INTO OrderItems (Id,OrderId,ProductId,UnitPrice,Quantity)VALUES(15,6,31,10.00,20);
INSERT INTO OrderItems (Id,OrderId,ProductId,UnitPrice,Quantity)VALUES(16,6,39,14.40,42);
INSERT INTO OrderItems (Id,OrderId,ProductId,UnitPrice,Quantity)VALUES(17,6,49,16.00,40);
INSERT INTO OrderItems (Id,OrderId,ProductId,UnitPrice,Quantity)VALUES(18,7,24,3.60,15);
INSERT INTO OrderItems (Id,OrderId,ProductId,UnitPrice,Quantity)VALUES(19,7,55,19.20,21);
INSERT INTO OrderItems (Id,OrderId,ProductId,UnitPrice,Quantity)VALUES(20,7,74,8.00,21);
INSERT INTO OrderItems (Id,OrderId,ProductId,UnitPrice,Quantity)VALUES(21,8,2,15.20,20);
INSERT INTO OrderItems (Id,OrderId,ProductId,UnitPrice,Quantity)VALUES(22,8,16,13.90,35);
INSERT INTO OrderItems (Id,OrderId,ProductId,UnitPrice,Quantity)VALUES(23,8,36,15.20,25);
INSERT INTO OrderItems (Id,OrderId,ProductId,UnitPrice,Quantity)VALUES(24,8,59,44.00,30);
INSERT INTO OrderItems (Id,OrderId,ProductId,UnitPrice,Quantity)VALUES(25,9,53,26.20,15);
INSERT INTO OrderItems (Id,OrderId,ProductId,UnitPrice,Quantity)VALUES(26,9,77,10.40,12);
INSERT INTO OrderItems (Id,OrderId,ProductId,UnitPrice,Quantity)VALUES(27,10,27,35.10,25);
INSERT INTO OrderItems (Id,OrderId,ProductId,UnitPrice,Quantity)VALUES(28,10,39,14.40,6);
INSERT INTO OrderItems (Id,OrderId,ProductId,UnitPrice,Quantity)VALUES(29,10,77,10.40,15);
INSERT INTO OrderItems (Id,OrderId,ProductId,UnitPrice,Quantity)VALUES(30,11,2,15.20,50);
INSERT INTO OrderItems (Id,OrderId,ProductId,UnitPrice,Quantity)VALUES(31,11,5,17.00,65);
INSERT INTO OrderItems (Id,OrderId,ProductId,UnitPrice,Quantity)VALUES(32,11,32,25.60,6);
INSERT INTO OrderItems (Id,OrderId,ProductId,UnitPrice,Quantity)VALUES(33,12,21,8.00,10);
INSERT INTO OrderItems (Id,OrderId,ProductId,UnitPrice,Quantity)VALUES(34,12,37,20.80,1);
INSERT INTO OrderItems (Id,OrderId,ProductId,UnitPrice,Quantity)VALUES(35,13,41,7.70,16);
INSERT INTO OrderItems (Id,OrderId,ProductId,UnitPrice,Quantity)VALUES(36,13,57,15.60,50);
INSERT INTO OrderItems (Id,OrderId,ProductId,UnitPrice,Quantity)VALUES(37,13,62,39.40,15);
INSERT INTO OrderItems (Id,OrderId,ProductId,UnitPrice,Quantity)VALUES(38,13,70,12.00,21);
INSERT INTO OrderItems (Id,OrderId,ProductId,UnitPrice,Quantity)VALUES(39,14,21,8.00,20);
INSERT INTO OrderItems (Id,OrderId,ProductId,UnitPrice,Quantity)VALUES(40,14,35,14.40,20);
INSERT INTO OrderItems (Id,OrderId,ProductId,UnitPrice,Quantity)VALUES(41,15,5,17.00,12);
INSERT INTO OrderItems (Id,OrderId,ProductId,UnitPrice,Quantity)VALUES(42,15,7,24.00,15);
INSERT INTO OrderItems (Id,OrderId,ProductId,UnitPrice,Quantity)VALUES(43,15,56,30.40,2);
INSERT INTO OrderItems (Id,OrderId,ProductId,UnitPrice,Quantity)VALUES(44,16,16,13.90,60);
INSERT INTO OrderItems (Id,OrderId,ProductId,UnitPrice,Quantity)VALUES(45,16,24,3.60,28);
INSERT INTO OrderItems (Id,OrderId,ProductId,UnitPrice,Quantity)VALUES(46,16,30,20.70,60);
INSERT INTO OrderItems (Id,OrderId,ProductId,UnitPrice,Quantity)VALUES(47,16,74,8.00,36);
INSERT INTO OrderItems (Id,OrderId,ProductId,UnitPrice,Quantity)VALUES(48,17,2,15.20,35);
INSERT INTO OrderItems (Id,OrderId,ProductId,UnitPrice,Quantity)VALUES(49,17,41,7.70,25);
INSERT INTO OrderItems (Id,OrderId,ProductId,UnitPrice,Quantity)VALUES(50,18,17,31.20,30);
INSERT INTO OrderItems (Id,OrderId,ProductId,UnitPrice,Quantity)VALUES(51,18,70,12.00,20);
INSERT INTO OrderItems (Id,OrderId,ProductId,UnitPrice,Quantity)VALUES(52,19,12,30.40,12);
INSERT INTO OrderItems (Id,OrderId,ProductId,UnitPrice,Quantity)VALUES(53,20,40,14.70,50);
INSERT INTO OrderItems (Id,OrderId,ProductId,UnitPrice,Quantity)VALUES(54,20,59,44.00,70);
INSERT INTO OrderItems (Id,OrderId,ProductId,UnitPrice,Quantity)VALUES(55,20,76,14.40,15);
INSERT INTO OrderItems (Id,OrderId,ProductId,UnitPrice,Quantity)VALUES(56,21,29,99.00,10);
INSERT INTO OrderItems (Id,OrderId,ProductId,UnitPrice,Quantity)VALUES(57,21,72,27.80,4);
INSERT INTO OrderItems (Id,OrderId,ProductId,UnitPrice,Quantity)VALUES(58,22,33,2.00,60);
INSERT INTO OrderItems (Id,OrderId,ProductId,UnitPrice,Quantity)VALUES(59,22,72,27.80,20);
INSERT INTO OrderItems (Id,OrderId,ProductId,UnitPrice,Quantity)VALUES(60,23,36,15.20,30);
INSERT INTO OrderItems (Id,OrderId,ProductId,UnitPrice,Quantity)VALUES(61,23,43,36.80,25);
INSERT INTO OrderItems (Id,OrderId,ProductId,UnitPrice,Quantity)VALUES(62,24,33,2.00,24);
INSERT INTO OrderItems (Id,OrderId,ProductId,UnitPrice,Quantity)VALUES(63,25,20,64.80,6);
INSERT INTO OrderItems (Id,OrderId,ProductId,UnitPrice,Quantity)VALUES(64,25,31,10.00,40);
INSERT INTO OrderItems (Id,OrderId,ProductId,UnitPrice,Quantity)VALUES(65,25,72,27.80,24);
INSERT INTO OrderItems (Id,OrderId,ProductId,UnitPrice,Quantity)VALUES(66,26,10,24.80,24);
INSERT INTO OrderItems (Id,OrderId,ProductId,UnitPrice,Quantity)VALUES(67,26,31,10.00,15);
INSERT INTO OrderItems (Id,OrderId,ProductId,UnitPrice,Quantity)VALUES(68,26,33,2.00,20);
INSERT INTO OrderItems (Id,OrderId,ProductId,UnitPrice,Quantity)VALUES(69,26,40,14.70,60);
INSERT INTO OrderItems (Id,OrderId,ProductId,UnitPrice,Quantity)VALUES(70,26,76,14.40,33);
INSERT INTO OrderItems (Id,OrderId,ProductId,UnitPrice,Quantity)VALUES(71,27,71,17.20,20);
INSERT INTO OrderItems (Id,OrderId,ProductId,UnitPrice,Quantity)VALUES(72,27,72,27.80,7);
INSERT INTO OrderItems (Id,OrderId,ProductId,UnitPrice,Quantity)VALUES(73,28,24,3.60,12);
INSERT INTO OrderItems (Id,OrderId,ProductId,UnitPrice,Quantity)VALUES(74,28,59,44.00,6);
INSERT INTO OrderItems (Id,OrderId,ProductId,UnitPrice,Quantity)VALUES(75,29,10,24.80,15);
INSERT INTO OrderItems (Id,OrderId,ProductId,UnitPrice,Quantity)VALUES(76,29,13,4.80,10);
INSERT INTO OrderItems (Id,OrderId,ProductId,UnitPrice,Quantity)VALUES(77,30,28,36.40,20);
INSERT INTO OrderItems (Id,OrderId,ProductId,UnitPrice,Quantity)VALUES(78,30,62,39.40,12);
INSERT INTO OrderItems (Id,OrderId,ProductId,UnitPrice,Quantity)VALUES(79,31,44,15.50,16);
INSERT INTO OrderItems (Id,OrderId,ProductId,UnitPrice,Quantity)VALUES(80,31,59,44.00,15);
INSERT INTO OrderItems (Id,OrderId,ProductId,UnitPrice,Quantity)VALUES(81,31,63,35.10,8);
INSERT INTO OrderItems (Id,OrderId,ProductId,UnitPrice,Quantity)VALUES(82,31,73,12.00,25);
INSERT INTO OrderItems (Id,OrderId,ProductId,UnitPrice,Quantity)VALUES(83,32,17,31.20,15);
INSERT INTO OrderItems (Id,OrderId,ProductId,UnitPrice,Quantity)VALUES(84,33,24,3.60,12);
INSERT INTO OrderItems (Id,OrderId,ProductId,UnitPrice,Quantity)VALUES(85,33,55,19.20,20);
INSERT INTO OrderItems (Id,OrderId,ProductId,UnitPrice,Quantity)VALUES(86,33,75,6.20,30);
INSERT INTO OrderItems (Id,OrderId,ProductId,UnitPrice,Quantity)VALUES(87,34,19,7.30,1);
INSERT INTO OrderItems (Id,OrderId,ProductId,UnitPrice,Quantity)VALUES(88,34,24,3.60,6);
INSERT INTO OrderItems (Id,OrderId,ProductId,UnitPrice,Quantity)VALUES(89,34,35,14.40,4);
INSERT INTO OrderItems (Id,OrderId,ProductId,UnitPrice,Quantity)VALUES(90,35,30,20.70,6);
INSERT INTO OrderItems (Id,OrderId,ProductId,UnitPrice,Quantity)VALUES(91,35,57,15.60,2);
INSERT INTO OrderItems (Id,OrderId,ProductId,UnitPrice,Quantity)VALUES(92,36,15,12.40,20);
INSERT INTO OrderItems (Id,OrderId,ProductId,UnitPrice,Quantity)VALUES(93,36,19,7.30,18);
INSERT INTO OrderItems (Id,OrderId,ProductId,UnitPrice,Quantity)VALUES(94,36,60,27.20,35);
INSERT INTO OrderItems (Id,OrderId,ProductId,UnitPrice,Quantity)VALUES(95,36,72,27.80,3);
INSERT INTO OrderItems (Id,OrderId,ProductId,UnitPrice,Quantity)VALUES(96,37,27,35.10,15);
INSERT INTO OrderItems (Id,OrderId,ProductId,UnitPrice,Quantity)VALUES(97,37,44,15.50,21);
INSERT INTO OrderItems (Id,OrderId,ProductId,UnitPrice,Quantity)VALUES(98,37,60,27.20,20);
INSERT INTO OrderItems (Id,OrderId,ProductId,UnitPrice,Quantity)VALUES(99,37,67,11.20,5);
INSERT INTO OrderItems (Id,OrderId,ProductId,UnitPrice,Quantity)VALUES(100,38,1,14.40,45);
INSERT INTO OrderItems (Id,OrderId,ProductId,UnitPrice,Quantity)VALUES(101,38,40,14.70,40);
INSERT INTO OrderItems (Id,OrderId,ProductId,UnitPrice,Quantity)VALUES(102,38,53,26.20,36);
INSERT INTO OrderItems (Id,OrderId,ProductId,UnitPrice,Quantity)VALUES(103,39,35,14.40,100);
INSERT INTO OrderItems (Id,OrderId,ProductId,UnitPrice,Quantity)VALUES(104,39,62,39.40,40);
INSERT INTO OrderItems (Id,OrderId,ProductId,UnitPrice,Quantity)VALUES(105,40,16,13.90,40);
INSERT INTO OrderItems (Id,OrderId,ProductId,UnitPrice,Quantity)VALUES(106,40,34,11.20,20);
INSERT INTO OrderItems (Id,OrderId,ProductId,UnitPrice,Quantity)VALUES(107,40,46,9.60,15);
INSERT INTO OrderItems (Id,OrderId,ProductId,UnitPrice,Quantity)VALUES(108,41,54,5.90,10);
INSERT INTO OrderItems (Id,OrderId,ProductId,UnitPrice,Quantity)VALUES(109,41,68,10.00,3);
INSERT INTO OrderItems (Id,OrderId,ProductId,UnitPrice,Quantity)VALUES(110,42,3,8.00,30);
INSERT INTO OrderItems (Id,OrderId,ProductId,UnitPrice,Quantity)VALUES(111,42,64,26.60,9);
INSERT INTO OrderItems (Id,OrderId,ProductId,UnitPrice,Quantity)VALUES(112,43,5,17.00,20);
INSERT INTO OrderItems (Id,OrderId,ProductId,UnitPrice,Quantity)VALUES(113,43,29,99.00,15);
INSERT INTO OrderItems (Id,OrderId,ProductId,UnitPrice,Quantity)VALUES(114,43,49,16.00,15);
INSERT INTO OrderItems (Id,OrderId,ProductId,UnitPrice,Quantity)VALUES(115,43,77,10.40,10);
INSERT INTO OrderItems (Id,OrderId,ProductId,UnitPrice,Quantity)VALUES(116,44,13,4.80,20);
INSERT INTO OrderItems (Id,OrderId,ProductId,UnitPrice,Quantity)VALUES(117,44,44,15.50,24);
INSERT INTO OrderItems (Id,OrderId,ProductId,UnitPrice,Quantity)VALUES(118,44,51,42.40,2);
INSERT INTO OrderItems (Id,OrderId,ProductId,UnitPrice,Quantity)VALUES(119,45,20,64.80,20);
INSERT INTO OrderItems (Id,OrderId,ProductId,UnitPrice,Quantity)VALUES(120,46,18,50.00,12);
INSERT INTO OrderItems (Id,OrderId,ProductId,UnitPrice,Quantity)VALUES(121,46,24,3.60,10);
INSERT INTO OrderItems (Id,OrderId,ProductId,UnitPrice,Quantity)VALUES(122,46,63,35.10,5);
INSERT INTO OrderItems (Id,OrderId,ProductId,UnitPrice,Quantity)VALUES(123,46,75,6.20,6);
INSERT INTO OrderItems (Id,OrderId,ProductId,UnitPrice,Quantity)VALUES(124,47,1,14.40,18);
INSERT INTO OrderItems (Id,OrderId,ProductId,UnitPrice,Quantity)VALUES(125,47,17,31.20,15);
INSERT INTO OrderItems (Id,OrderId,ProductId,UnitPrice,Quantity)VALUES(126,47,43,36.80,15);
INSERT INTO OrderItems (Id,OrderId,ProductId,UnitPrice,Quantity)VALUES(127,47,60,27.20,21);
INSERT INTO OrderItems (Id,OrderId,ProductId,UnitPrice,Quantity)VALUES(128,47,75,6.20,6);
INSERT INTO OrderItems (Id,OrderId,ProductId,UnitPrice,Quantity)VALUES(129,48,56,30.40,4);
INSERT INTO OrderItems (Id,OrderId,ProductId,UnitPrice,Quantity)VALUES(130,49,11,16.80,12);
INSERT INTO OrderItems (Id,OrderId,ProductId,UnitPrice,Quantity)VALUES(131,49,16,13.90,30);
INSERT INTO OrderItems (Id,OrderId,ProductId,UnitPrice,Quantity)VALUES(132,49,69,28.80,15);
INSERT INTO OrderItems (Id,OrderId,ProductId,UnitPrice,Quantity)VALUES(133,50,39,14.40,60);
INSERT INTO OrderItems (Id,OrderId,ProductId,UnitPrice,Quantity)VALUES(134,50,72,27.80,20);
INSERT INTO OrderItems (Id,OrderId,ProductId,UnitPrice,Quantity)VALUES(135,51,2,15.20,40);
INSERT INTO OrderItems (Id,OrderId,ProductId,UnitPrice,Quantity)VALUES(136,51,36,15.20,40);
INSERT INTO OrderItems (Id,OrderId,ProductId,UnitPrice,Quantity)VALUES(137,51,59,44.00,30);
INSERT INTO OrderItems (Id,OrderId,ProductId,UnitPrice,Quantity)VALUES(138,51,62,39.40,15);
INSERT INTO OrderItems (Id,OrderId,ProductId,UnitPrice,Quantity)VALUES(139,52,19,7.30,15);
INSERT INTO OrderItems (Id,OrderId,ProductId,UnitPrice,Quantity)VALUES(140,52,70,12.00,20);
INSERT INTO OrderItems (Id,OrderId,ProductId,UnitPrice,Quantity)VALUES(141,53,66,13.60,30);
INSERT INTO OrderItems (Id,OrderId,ProductId,UnitPrice,Quantity)VALUES(142,53,68,10.00,20);
INSERT INTO OrderItems (Id,OrderId,ProductId,UnitPrice,Quantity)VALUES(143,54,40,14.70,10);
INSERT INTO OrderItems (Id,OrderId,ProductId,UnitPrice,Quantity)VALUES(144,54,56,30.40,20);
INSERT INTO OrderItems (Id,OrderId,ProductId,UnitPrice,Quantity)VALUES(145,55,17,31.20,40);
INSERT INTO OrderItems (Id,OrderId,ProductId,UnitPrice,Quantity)VALUES(146,55,28,36.40,28);
INSERT INTO OrderItems (Id,OrderId,ProductId,UnitPrice,Quantity)VALUES(147,55,43,36.80,12);
INSERT INTO OrderItems (Id,OrderId,ProductId,UnitPrice,Quantity)VALUES(148,56,40,14.70,40);
INSERT INTO OrderItems (Id,OrderId,ProductId,UnitPrice,Quantity)VALUES(149,56,65,16.80,30);
INSERT INTO OrderItems (Id,OrderId,ProductId,UnitPrice,Quantity)VALUES(150,56,68,10.00,15);
INSERT INTO OrderItems (Id,OrderId,ProductId,UnitPrice,Quantity)VALUES(151,57,49,16.00,30);
INSERT INTO OrderItems (Id,OrderId,ProductId,UnitPrice,Quantity)VALUES(152,57,59,44.00,10);
INSERT INTO OrderItems (Id,OrderId,ProductId,UnitPrice,Quantity)VALUES(153,57,71,17.20,2);
INSERT INTO OrderItems (Id,OrderId,ProductId,UnitPrice,Quantity)VALUES(154,58,18,50.00,25);
INSERT INTO OrderItems (Id,OrderId,ProductId,UnitPrice,Quantity)VALUES(155,58,29,99.00,25);
INSERT INTO OrderItems (Id,OrderId,ProductId,UnitPrice,Quantity)VALUES(156,58,39,14.40,30);
INSERT INTO OrderItems (Id,OrderId,ProductId,UnitPrice,Quantity)VALUES(157,59,30,20.70,10);
INSERT INTO OrderItems (Id,OrderId,ProductId,UnitPrice,Quantity)VALUES(158,59,53,26.20,10);
INSERT INTO OrderItems (Id,OrderId,ProductId,UnitPrice,Quantity)VALUES(159,59,54,5.90,5);
INSERT INTO OrderItems (Id,OrderId,ProductId,UnitPrice,Quantity)VALUES(160,60,62,39.40,10);
INSERT INTO OrderItems (Id,OrderId,ProductId,UnitPrice,Quantity)VALUES(161,60,68,10.00,3);
INSERT INTO OrderItems (Id,OrderId,ProductId,UnitPrice,Quantity)VALUES(162,61,69,28.80,1);
INSERT INTO OrderItems (Id,OrderId,ProductId,UnitPrice,Quantity)VALUES(163,61,70,12.00,5);
INSERT INTO OrderItems (Id,OrderId,ProductId,UnitPrice,Quantity)VALUES(164,62,4,17.60,20);
INSERT INTO OrderItems (Id,OrderId,ProductId,UnitPrice,Quantity)VALUES(165,62,6,20.00,30);
INSERT INTO OrderItems (Id,OrderId,ProductId,UnitPrice,Quantity)VALUES(166,62,42,11.20,2);
INSERT INTO OrderItems (Id,OrderId,ProductId,UnitPrice,Quantity)VALUES(167,62,43,36.80,20);
INSERT INTO OrderItems (Id,OrderId,ProductId,UnitPrice,Quantity)VALUES(168,62,71,17.20,3);
INSERT INTO OrderItems (Id,OrderId,ProductId,UnitPrice,Quantity)VALUES(169,63,16,13.90,10);
INSERT INTO OrderItems (Id,OrderId,ProductId,UnitPrice,Quantity)VALUES(170,63,62,39.40,5);
INSERT INTO OrderItems (Id,OrderId,ProductId,UnitPrice,Quantity)VALUES(171,64,42,11.20,6);
INSERT INTO OrderItems (Id,OrderId,ProductId,UnitPrice,Quantity)VALUES(172,64,69,28.80,7);
INSERT INTO OrderItems (Id,OrderId,ProductId,UnitPrice,Quantity)VALUES(173,65,28,36.40,4);
INSERT INTO OrderItems (Id,OrderId,ProductId,UnitPrice,Quantity)VALUES(174,65,43,36.80,24);
INSERT INTO OrderItems (Id,OrderId,ProductId,UnitPrice,Quantity)VALUES(175,65,53,26.20,20);
INSERT INTO OrderItems (Id,OrderId,ProductId,UnitPrice,Quantity)VALUES(176,65,75,6.20,10);
INSERT INTO OrderItems (Id,OrderId,ProductId,UnitPrice,Quantity)VALUES(177,66,36,15.20,12);
INSERT INTO OrderItems (Id,OrderId,ProductId,UnitPrice,Quantity)VALUES(178,67,32,25.60,40);
INSERT INTO OrderItems (Id,OrderId,ProductId,UnitPrice,Quantity)VALUES(179,67,58,10.60,30);
INSERT INTO OrderItems (Id,OrderId,ProductId,UnitPrice,Quantity)VALUES(180,67,62,39.40,25);
INSERT INTO OrderItems (Id,OrderId,ProductId,UnitPrice,Quantity)VALUES(181,68,34,11.20,14);
INSERT INTO OrderItems (Id,OrderId,ProductId,UnitPrice,Quantity)VALUES(182,68,70,12.00,30);
INSERT INTO OrderItems (Id,OrderId,ProductId,UnitPrice,Quantity)VALUES(183,69,41,7.70,10);
INSERT INTO OrderItems (Id,OrderId,ProductId,UnitPrice,Quantity)VALUES(184,69,62,39.40,70);
INSERT INTO OrderItems (Id,OrderId,ProductId,UnitPrice,Quantity)VALUES(185,70,1,14.40,20);
INSERT INTO OrderItems (Id,OrderId,ProductId,UnitPrice,Quantity)VALUES(186,71,41,7.70,20);
INSERT INTO OrderItems (Id,OrderId,ProductId,UnitPrice,Quantity)VALUES(187,71,76,14.40,6);
INSERT INTO OrderItems (Id,OrderId,ProductId,UnitPrice,Quantity)VALUES(188,72,17,31.20,8);
INSERT INTO OrderItems (Id,OrderId,ProductId,UnitPrice,Quantity)VALUES(189,72,28,36.40,14);
INSERT INTO OrderItems (Id,OrderId,ProductId,UnitPrice,Quantity)VALUES(190,72,76,14.40,30);
INSERT INTO OrderItems (Id,OrderId,ProductId,UnitPrice,Quantity)VALUES(191,73,71,17.20,30);
INSERT INTO OrderItems (Id,OrderId,ProductId,UnitPrice,Quantity)VALUES(192,74,35,14.40,10);
INSERT INTO OrderItems (Id,OrderId,ProductId,UnitPrice,Quantity)VALUES(193,75,52,5.60,20);
INSERT INTO OrderItems (Id,OrderId,ProductId,UnitPrice,Quantity)VALUES(194,76,15,12.40,5);
INSERT INTO OrderItems (Id,OrderId,ProductId,UnitPrice,Quantity)VALUES(195,76,25,11.20,4);
INSERT INTO OrderItems (Id,OrderId,ProductId,UnitPrice,Quantity)VALUES(196,76,39,14.40,4);
INSERT INTO OrderItems (Id,OrderId,ProductId,UnitPrice,Quantity)VALUES(197,77,16,13.90,21);
INSERT INTO OrderItems (Id,OrderId,ProductId,UnitPrice,Quantity)VALUES(198,77,35,14.40,70);
INSERT INTO OrderItems (Id,OrderId,ProductId,UnitPrice,Quantity)VALUES(199,77,46,9.60,30);
INSERT INTO OrderItems (Id,OrderId,ProductId,UnitPrice,Quantity)VALUES(200,77,59,44.00,40);
INSERT INTO OrderItems (Id,OrderId,ProductId,UnitPrice,Quantity)VALUES(201,77,63,35.10,80);
INSERT INTO OrderItems (Id,OrderId,ProductId,UnitPrice,Quantity)VALUES(202,78,6,20.00,6);
INSERT INTO OrderItems (Id,OrderId,ProductId,UnitPrice,Quantity)VALUES(203,78,13,4.80,12);
INSERT INTO OrderItems (Id,OrderId,ProductId,UnitPrice,Quantity)VALUES(204,78,14,18.60,9);
INSERT INTO OrderItems (Id,OrderId,ProductId,UnitPrice,Quantity)VALUES(205,78,31,10.00,4);
INSERT INTO OrderItems (Id,OrderId,ProductId,UnitPrice,Quantity)VALUES(206,78,72,27.80,40);
INSERT INTO OrderItems (Id,OrderId,ProductId,UnitPrice,Quantity)VALUES(207,79,4,17.60,24);
INSERT INTO OrderItems (Id,OrderId,ProductId,UnitPrice,Quantity)VALUES(208,79,57,15.60,16);
INSERT INTO OrderItems (Id,OrderId,ProductId,UnitPrice,Quantity)VALUES(209,79,75,6.20,50);
INSERT INTO OrderItems (Id,OrderId,ProductId,UnitPrice,Quantity)VALUES(210,80,2,15.20,25);
INSERT INTO OrderItems (Id,OrderId,ProductId,UnitPrice,Quantity)VALUES(211,80,11,16.80,50);
INSERT INTO OrderItems (Id,OrderId,ProductId,UnitPrice,Quantity)VALUES(212,80,30,20.70,35);
INSERT INTO OrderItems (Id,OrderId,ProductId,UnitPrice,Quantity)VALUES(213,80,58,10.60,30);
INSERT INTO OrderItems (Id,OrderId,ProductId,UnitPrice,Quantity)VALUES(214,81,59,44.00,9);
INSERT INTO OrderItems (Id,OrderId,ProductId,UnitPrice,Quantity)VALUES(215,81,65,16.80,40);
INSERT INTO OrderItems (Id,OrderId,ProductId,UnitPrice,Quantity)VALUES(216,81,68,10.00,10);
INSERT INTO OrderItems (Id,OrderId,ProductId,UnitPrice,Quantity)VALUES(217,82,19,7.30,10);
INSERT INTO OrderItems (Id,OrderId,ProductId,UnitPrice,Quantity)VALUES(218,82,30,20.70,8);
INSERT INTO OrderItems (Id,OrderId,ProductId,UnitPrice,Quantity)VALUES(219,82,38,210.80,20);
INSERT INTO OrderItems (Id,OrderId,ProductId,UnitPrice,Quantity)VALUES(220,82,56,30.40,12);
INSERT INTO OrderItems (Id,OrderId,ProductId,UnitPrice,Quantity)VALUES(221,83,26,24.90,50);
INSERT INTO OrderItems (Id,OrderId,ProductId,UnitPrice,Quantity)VALUES(222,83,72,27.80,25);
INSERT INTO OrderItems (Id,OrderId,ProductId,UnitPrice,Quantity)VALUES(223,84,54,5.90,15);
INSERT INTO OrderItems (Id,OrderId,ProductId,UnitPrice,Quantity)VALUES(224,85,18,50.00,40);
INSERT INTO OrderItems (Id,OrderId,ProductId,UnitPrice,Quantity)VALUES(225,85,42,11.20,10);
INSERT INTO OrderItems (Id,OrderId,ProductId,UnitPrice,Quantity)VALUES(226,85,47,7.60,16);
INSERT INTO OrderItems (Id,OrderId,ProductId,UnitPrice,Quantity)VALUES(227,86,14,18.60,10);
INSERT INTO OrderItems (Id,OrderId,ProductId,UnitPrice,Quantity)VALUES(228,86,21,8.00,10);
INSERT INTO OrderItems (Id,OrderId,ProductId,UnitPrice,Quantity)VALUES(229,86,71,17.20,40);
INSERT INTO OrderItems (Id,OrderId,ProductId,UnitPrice,Quantity)VALUES(230,87,52,5.60,8);
INSERT INTO OrderItems (Id,OrderId,ProductId,UnitPrice,Quantity)VALUES(231,87,68,10.00,10);
INSERT INTO OrderItems (Id,OrderId,ProductId,UnitPrice,Quantity)VALUES(232,88,2,15.20,7);
INSERT INTO OrderItems (Id,OrderId,ProductId,UnitPrice,Quantity)VALUES(233,88,31,10.00,25);
INSERT INTO OrderItems (Id,OrderId,ProductId,UnitPrice,Quantity)VALUES(234,88,32,25.60,6);
INSERT INTO OrderItems (Id,OrderId,ProductId,UnitPrice,Quantity)VALUES(235,88,51,42.40,48);
INSERT INTO OrderItems (Id,OrderId,ProductId,UnitPrice,Quantity)VALUES(236,89,4,17.60,18);
INSERT INTO OrderItems (Id,OrderId,ProductId,UnitPrice,Quantity)VALUES(237,90,23,7.20,40);
INSERT INTO OrderItems (Id,OrderId,ProductId,UnitPrice,Quantity)VALUES(238,90,26,24.90,24);
INSERT INTO OrderItems (Id,OrderId,ProductId,UnitPrice,Quantity)VALUES(239,90,36,15.20,20);
INSERT INTO OrderItems (Id,OrderId,ProductId,UnitPrice,Quantity)VALUES(240,90,37,20.80,28);
INSERT INTO OrderItems (Id,OrderId,ProductId,UnitPrice,Quantity)VALUES(241,90,72,27.80,25);
INSERT INTO OrderItems (Id,OrderId,ProductId,UnitPrice,Quantity)VALUES(242,91,17,31.20,20);
INSERT INTO OrderItems (Id,OrderId,ProductId,UnitPrice,Quantity)VALUES(243,91,30,20.70,15);
INSERT INTO OrderItems (Id,OrderId,ProductId,UnitPrice,Quantity)VALUES(244,92,4,17.60,10);
INSERT INTO OrderItems (Id,OrderId,ProductId,UnitPrice,Quantity)VALUES(245,92,17,31.20,70);
INSERT INTO OrderItems (Id,OrderId,ProductId,UnitPrice,Quantity)VALUES(246,92,62,39.40,28);
INSERT INTO OrderItems (Id,OrderId,ProductId,UnitPrice,Quantity)VALUES(247,93,18,50.00,20);
INSERT INTO OrderItems (Id,OrderId,ProductId,UnitPrice,Quantity)VALUES(248,93,41,7.70,12);
INSERT INTO OrderItems (Id,OrderId,ProductId,UnitPrice,Quantity)VALUES(249,93,43,36.80,40);
INSERT INTO OrderItems (Id,OrderId,ProductId,UnitPrice,Quantity)VALUES(250,94,33,2.00,8);
INSERT INTO OrderItems (Id,OrderId,ProductId,UnitPrice,Quantity)VALUES(251,94,59,44.00,9);
INSERT INTO OrderItems (Id,OrderId,ProductId,UnitPrice,Quantity)VALUES(252,95,2,15.20,24);
INSERT INTO OrderItems (Id,OrderId,ProductId,UnitPrice,Quantity)VALUES(253,95,31,10.00,56);
INSERT INTO OrderItems (Id,OrderId,ProductId,UnitPrice,Quantity)VALUES(254,95,36,15.20,40);
INSERT INTO OrderItems (Id,OrderId,ProductId,UnitPrice,Quantity)VALUES(255,95,55,19.20,40);
INSERT INTO OrderItems (Id,OrderId,ProductId,UnitPrice,Quantity)VALUES(256,96,64,26.60,50);
INSERT INTO OrderItems (Id,OrderId,ProductId,UnitPrice,Quantity)VALUES(257,96,68,10.00,4);
INSERT INTO OrderItems (Id,OrderId,ProductId,UnitPrice,Quantity)VALUES(258,96,76,14.40,15);
INSERT INTO OrderItems (Id,OrderId,ProductId,UnitPrice,Quantity)VALUES(259,97,4,17.60,35);
INSERT INTO OrderItems (Id,OrderId,ProductId,UnitPrice,Quantity)VALUES(260,97,8,32.00,70);
INSERT INTO OrderItems (Id,OrderId,ProductId,UnitPrice,Quantity)VALUES(261,98,8,32.00,70);
INSERT INTO OrderItems (Id,OrderId,ProductId,UnitPrice,Quantity)VALUES(262,98,19,7.30,80);
INSERT INTO OrderItems (Id,OrderId,ProductId,UnitPrice,Quantity)VALUES(263,98,42,11.20,9);
INSERT INTO OrderItems (Id,OrderId,ProductId,UnitPrice,Quantity)VALUES(264,99,17,31.20,36);
INSERT INTO OrderItems (Id,OrderId,ProductId,UnitPrice,Quantity)VALUES(265,99,56,30.40,20);
INSERT INTO OrderItems (Id,OrderId,ProductId,UnitPrice,Quantity)VALUES(266,100,25,11.20,10);
INSERT INTO OrderItems (Id,OrderId,ProductId,UnitPrice,Quantity)VALUES(267,100,39,14.40,50);
INSERT INTO OrderItems (Id,OrderId,ProductId,UnitPrice,Quantity)VALUES(268,100,40,14.70,4);
INSERT INTO OrderItems (Id,OrderId,ProductId,UnitPrice,Quantity)VALUES(269,100,75,6.20,6);
